<?xml version="1.0" encoding="UTF-8"?>
<beans xmlns="http://www.springframework.org/schema/beans"
	xmlns:xsi="http://www.w3.org/2001/XMLSchema-instance"
	xmlns:security="http://www.springframework.org/schema/security"
	xsi:schemaLocation="
		http://www.springframework.org/schema/beans http://www.springframework.org/schema/beans/spring-beans.xsd
		http://www.springframework.org/schema/security http://www.springframework.org/schema/security/spring-security-3.1.xsd">
	
	<security:global-method-security secured-annotations="enabled" jsr250-annotations="enabled" pre-post-annotations="enabled"/>
	
	<!-- ETAPE 1 - Configuration minimale -->
<!-- <security:http auto-config="true"> -->
<!-- 	<security:intercept-url pattern="/compta/**" access="ROLE_COMPTA"/> -->
<!-- 	<security:intercept-url pattern="/admin/**" access="ROLE_ADMIN"/> -->
<!-- 	<security:http-basic/>  -->
<!-- </security:http> -->
	
<!-- ETAPE 2 - Configurayion avec pages personnalisées -->
	<security:http auto-config="true">
		<security:intercept-url pattern="/compta/**" access="ROLE_COMPTA"/>
		<security:intercept-url pattern="/admin/**" access="ROLE_ADMIN"/>
		<security:form-login login-page="/login" authentication-failure-url="/failure"/>
		<security:remember-me key="REMEMBER_ME"/>
	</security:http>
	
	<bean id="authDS" class="org.springframework.jdbc.datasource.DriverManagerDataSource">
		<property name="driverClassName" value="com.mysql.jdbc.Driver" />
		<property name="url" value="jdbc:mysql://localhost:3306/auth" />
		<property name="username" value="root" />
		<property name="password" value="franck" />
	</bean>
	
	<security:authentication-manager>
		<security:authentication-provider>
			<security:jdbc-user-service data-source-ref="authDS"
				users-by-username-query="SELECT user_name,user_password, enabled FROM users WHERE user_name=?"
				authorities-by-username-query="SELECT user_name, role_name FROM roles WHERE user_name=?" />
		</security:authentication-provider>
	</security:authentication-manager>
	
	<bean id="webexpressionHandler" class="org.springframework.security.web.access.expression.DefaultWebSecurityExpressionHandler" />
	
<!-- 	<security:authentication-manager> -->
<!-- 		<security:authentication-provider> -->
<!-- 			<security:user-service> -->
<!-- 				<security:user name="toto" password="totopw" authorities="ROLE_COMPTA"/> -->
<!-- 				<security:user name="titi" password="titipw" authorities="ROLE_ADMIN"/> -->
<!-- 				<security:user name="batman" password="batmanpw" authorities="ROLE_COMPTA,ROLE_ADMIN" /> -->
<!-- 			</security:user-service> -->
<!-- 		</security:authentication-provider> -->
<!-- 	</security:authentication-manager> -->
		
</beans>